{
    "index": "index.ejs",
    "notfound": "404.ejs",
    "redirect": {
        "callback": "/dashboard",
        "logout": "/",
        "deleteserver": "/dashboard",
        "updateservers": "/dashboard",
        "failedcreateserver": "/servers/new",
        "failedmodifyserver": "/servers/edit",
        "setplan": "/admin",
        "failedsetplan": "/admin",
        "createserverdisabled": "/dashboard/new?err=disabled",
        "modifyserverdisabled": "/dashboard/modify?err=disabled",
        "deleteserverdisabled": "/delete?err=disabled",
        "regenpassword": "/settings",
        "setresources": "/admin",
        "failedsetresources": "/admin",
        "giftresources": "/gift",
        "failedgiftresources": "/gift",
        "renewserver": "/dashboard",	
        "setcoins": "/admin",	
        "failedsetcoins": "/admin",	
        "purchaseram": "/store",	
        "failedpurchaseram": "/store",	
        "purchasedisk": "/store",	
        "failedpurchasedisk": "/store",	
        "purchasecpu": "/store",	
        "failedpurchasecpu": "/store",	
        "purchaseservers": "/store",	
        "failedpurchaseservers": "/store",
        "arcioerror": "/earn",
        "missingorinvalidcouponcode": "/dashboard",
        "successfullyredeemedcoupon": "/dashboard",
        "couponcreationfailed": "/admin",
        "couponcreationsuccess": "/admin",
        "couponrevokefailed": "/admin",
        "couponrevokesuccess": "/admin",
        "removeaccountfailed": "/admin",
        "removeaccountsuccess": "/admin",
        "servers": "/dashboard"

    },
    "pages": {
        "dashboard": "dashboard.ejs",
        "servers/new": "create.ejs",
        "servers/edit": "edit.ejs",
        "admin": "admin.ejs",
        "settings": "settings.ejs",
        "gift": "gift.ejs",
        "earn": "earn.ejs",
        "buy": "buy.ejs",
        "afk": "earn.ejs",
        "tos": "tos.ejs",
        "store": "store.ejs"
    },
    "mustbeloggedin": [
        "/dashboard",
        "/servers/new",
        "/servers/edit",
        "/settings",
        "/j4r",
        "/gift",
        "/store",
        "/coins",
        "/earn"
    ],
    "mustbeadmin": [
        "/admin",
        "/admin/plans",
        "/admin/resources",
        "/admin/coupons",
        "/admin/coins"
    ],
    "variables": {
        "home": {
            "admin": "admin",
            "buttontext": {
                "loggedin": {
                    "link": "/dashboard"
                },
                "loggedout": {
                    "link": "/login"
                }
            }
        }
    }
}
